Workbook

Sheet Sheet1
A1: SUBNO | B1: BILLDATE | C1: TRANSDATE | D1: TYPE | E1: BILLTEXT | F1: Amount | G1: DURATION | H1: TIME
A2: 97299622 | B2: 44713 | C2: 44561 | D2: Rental | E2: APPLE-Iphone device Installment Charges-IPY | F2: 3 | G2: 0
A3: 97299622 | B3: 44713 | C3: 44552 | D3: Local Calls | E3: FREE | F3: 0 | G3: 398 | H3: 0.76688657
A4: 97299622 | B4: 44713 | C4: 44561 | D4: Rental | E4: N7A | F4: -5 | G4: 0
A5: 97299622 | B5: 44713 | C5: 44561 | D5: Rental | E5: 1000 Local Mins + 15GB LTE | F5: 30 | G5: 0
A6: 97299622 | B6: 44713 | C6: 44547 | D6: Local GPRS | E6: 300GB Data Service | F6: 0 | G6: 1732885925 | H6: 0.047662037
A7: 97299622 | B7: 44713 | C7: 44552 | D7: Local Calls | E7: FREE | F7: 0 | G7: 198 | H7: 0.75369213
A8: 97299622 | B8: 44713 | C8: 44558 | D8: Short Message | E8: FREE | F8: 0 | G8: 1 | H8: 0.62263889
A9: 97299622 | B9: 44713 | C9: 44539 | D9: Local GPRS | E9: 300GB Data Service | F9: 0 | G9: 125704786 | H9: 0.029837963
A10: 97299622 | B10: 44713 | C10: 44533 | D10: Local GPRS | E10: 300GB Data Service | F10: 0 | G10: 430658051 | H10: 0.0038078704
A11: 97299622 | B11: 44713 | C11: 44561 | D11: Rental | E11: KD 2.5 Discount Data Sharing 24 M | F11: -2.5 | G11: 0
A12: 97299622 | B12: 44713 | C12: 44556 | D12: Local Calls | E12: FREE | F12: 0 | G12: 118 | H12: 0.51203704
A13: 97299622 | B13: 44713 | C13: 44531 | D13: Local GPRS | E13: 300GB Data Service | F13: 0 | G13: 119832396 | H13: 0.027939815
A14: 97299622 | B14: 44713 | C14: 44533 | D14: Local Calls | E14: FREE | F14: 0 | G14: 36 | H14: 0.50627315
A15: 97299622 | B15: 44713 | C15: 44542 | D15: Local GPRS | E15: 300GB Data Service | F15: 0 | G15: 50523510 | H15: 0.022743056
A16: 97299622 | B16: 44713 | C16: 44541 | D16: Local GPRS | E16: 300GB Data Service | F16: 0 | G16: 574934072 | H16: 0.021273148
A17: 97299622 | B17: 44713 | C17: 44560 | D17: Local GPRS | E17: 300GB Data Service | F17: 0 | G17: 109500115 | H17: 0.019097222
A18: 97299622 | B18: 44713 | C18: 44548 | D18: Local GPRS | E18: 300GB Data Service | F18: 0 | G18: 1335280839 | H18: 0.011203704
A19: 97299622 | B19: 44713 | C19: 44560 | D19: Local Calls | E19: FREE | F19: 0 | G19: 3570 | H19: 0.43672454
A20: 97299622 | B20: 44713 | C20: 44555 | D20: Local Calls | E20: FREE | F20: 0 | G20: 560 | H20: 0.081111111
A21: 97299622 | B21: 44713 | C21: 44545 | D21: Local Calls | E21: FREE | F21: 0 | G21: 263 | H21: 0.41939815
A22: 97299622 | B22: 44713 | C22: 44561 | D22: Rental | E22: 1000 Local Mins + 15GB LTE | F22: 30 | G22: 0
A23: 97299622 | B23: 44713 | C23: 44548 | D23: Local Calls | E23: FREE | F23: 0 | G23: 80 | H23: 0.71408565
A24: 97299622 | B24: 44713 | C24: 44550 | D24: Local Calls | E24: FREE | F24: 0 | G24: 128 | H24: 0.80570602
A25: 97299622 | B25: 44713 | C25: 44547 | D25: Local Calls | E25: FREE | F25: 0 | G25: 70 | H25: 0.9943287
A26: 97299622 | B26: 44713 | C26: 44557 | D26: Local GPRS | E26: 300GB Data Service | F26: 0 | G26: 1149934048 | H26: 0.0085763889
A27: 97299622 | B27: 44713 | C27: 44546 | D27: Local GPRS | E27: 300GB Data Service | F27: 0 | G27: 153591759 | H27: 0.054988426
A28: 97299622 | B28: 44713 | C28: 44550 | D28: Local GPRS | E28: 300GB Data Service | F28: 0 | G28: 269637357 | H28: 0.059664352
A29: 97299622 | B29: 44713 | C29: 44558 | D29: Local Calls | E29: FREE | F29: 0 | G29: 676 | H29: 0.51253472
A30: 97299622 | B30: 44713 | C30: 44543 | D30: Local Calls | E30: FREE | F30: 0 | G30: 323 | H30: 0.50851852
A31: 97299622 | B31: 44713 | C31: 44544 | D31: Local Calls | E31: FREE | F31: 0 | G31: 272 | H31: 0.36405093
A32: 97299622 | B32: 44713 | C32: 44557 | D32: Local Calls | E32: FREE | F32: 0 | G32: 267 | H32: 0.41611111
A33: 97299622 | B33: 44713 | C33: 44538 | D33: Local Calls | E33: FREE | F33: 0 | G33: 668 | H33: 0.35355324
A34: 97299622 | B34: 44713 | C34: 44549 | D34: Local GPRS | E34: 300GB Data Service | F34: 0 | G34: 455844600 | H34: 0.058703704
... A55: 97299622 | B55: 44713 | C55: 44536 | D55: Local Calls | E55: FREE | F55: 0 | G55: 12 | H55: 0.52822917
A56: 97299622 | B56: 44713 | C56: 44561 | D56: Rental | E56: Access Fee Service 5G | F56: 5 | G56: 0
A57: 97299622 | B57: 44713 | C57: 44546 | D57: Third Party | E57: Ministry of CIVIL Information MT | F57: 1.1 | G57: 22 | H57: 0.41759259
A58: 97299622 | B58: 44713 | C58: 44561 | D58: Rental | E58: Corp Data Sharing-KD 2.5 Monthly Discount DS (DSKD25DISC) | F58: 2.5 | G58: 0
A59: 97299622 | B59: 44713 | C59: 44534 | D59: Local Calls | E59: FREE | F59: 0 | G59: 46 | H59: 0.8672338
A60: 97299622 | B60: 44713 | C60: 44554 | D60: Local Calls | E60: FREE | F60: 0 | G60: 281 | H60: 0.66869213
A61: 97299622 | B61: 44713 | C61: 44559 | D61: Local GPRS | E61: 300GB Data Service | F61: 0 | G61: 142037964 | H61: 0.028969907
A62: 97299622 | B62: 44713 | C62: 44556 | D62: Local GPRS | E62: 300GB Data Service | F62: 0 | G62: 220025566 | H62: 0.025856481
A63: 97299622 | B63: 44713 | C63: 44542 | D63: Third Party | E63: Ministry of CIVIL Information MT | F63: 0.8 | G63: 16 | H63: 0.67549769
A64: 97299622 | B64: 44713 | C64: 44561 | D64: Other Charges | E64: Apple Device charges | F64: 1256 | G64: 0
A65: 97299622 | B65: 44713 | C65: 44533 | D65: Local GPRS | E65: PREP GPRS | F65: 0 | G65: 291680 | H65: 0.0038078704
A66: 97299622 | B66: 44713 | C66: 44540 | D66: Local Calls | E66: FREE | F66: 0 | G66: 529 | H66: 0.75752315
A67: 97299622 | B67: 44713 | C67: 44549 | D67: Local Calls | E67: FREE | F67: 0 | G67: 371 | H67: 0.46421296
A68: 97299622 | B68: 44713 | C68: 44559 | D68: Local Calls | E68: FREE | F68: 0 | G68: 22 | H68: 0.74046296
A69: 97299622 | B69: 44713 | C69: 44561 | D69: Rental | E69: GD2_KD 10 CORP. MONTHLY DISCOUNT | F69: -10 | G69: 0
A70: 97299622 | B70: 44713 | C70: 44546 | D70: Local Calls | E70: FREE | F70: 0 | G70: 333 | H70: 0.40351852
A71: 97299622 | B71: 44713 | C71: 44558 | D71: Local GPRS | E71: 300GB Data Service | F71: 0 | G71: 886408159 | H71: 0.023958333
A72: 97299622 | B72: 44713 | C72: 44535 | D72: Local Calls | E72: FREE | F72: 0 | G72: 1614 | H72: 0.043819444
A73: 97299622 | B73: 44713 | C73: 44553 | D73: Local Calls | E73: FREE | F73: 0 | G73: 454 | H73: 0.36378472
A74: 97299622 | B74: 44713 | C74: 44549 | D74: Local Calls | E74: FREE | F74: 0 | G74: 2496 | H74: 0.101875
A75: 97299622 | B75: 44713 | C75: 44530 | D75: Local GPRS | E75: 300GB Data Service | F75: 0 | G75: 59817050 | H75: 0.77793981
A76: 97299622 | B76: 44713 | C76: 44540 | D76: Local Calls | E76: FREE | F76: 0 | G76: 109 | H76: 0.67856481
A77: 97299622 | B77: 44713 | C77: 44546 | D77: Local Calls | E77: FREE | F77: 0 | G77: 1238 | H77: 0.40732639
A78: 97299622 | B78: 44713 | C78: 44558 | D78: Local Calls | E78: FREE | F78: 0 | G78: 54 | H78: 0.42328704
A79: 97299622 | B79: 44713 | C79: 44543 | D79: Local GPRS | E79: 300GB Data Service | F79: 0 | G79: 182408513 | H79: 0.038113426
A80: 97299622 | B80: 44713 | C80: 44542 | D80: Local Calls | E80: FREE | F80: 0 | G80: 191 | H80: 0.59663194
A81: 97299622 | B81: 44713 | C81: 44561 | D81: Rental | E81: 1000 Local Mins + 15GB LTE | F81: -30 | G81: 0
A82: 97299622 | B82: 44713 | C82: 44547 | D82: Local Calls | E82: FREE | F82: 0 | G82: 5260 | H82: 0.61189815
A83: 97299622 | B83: 44713 | C83: 44535 | D83: Local Calls | E83: FREE | F83: 0 | G83: 713 | H83: 0.37650463
A84: 97299622 | B84: 44713 | C84: 44532 | D84: Local Calls | E84: FREE | F84: 0 | G84: 380 | H84: 0.416875
A85: 97299622 | B85: 44713 | C85: 44545 | D85: Local GPRS | E85: 300GB Data Service | F85: 0 | G85: 741949097 | H85: 0.015185185
A86: 97299622 | B86: 44713 | C86: 44531 | D86: Local Calls | E86: FREE | F86: 0 | G86: 426 | H86: 0.63927083
A87: 97299622 | B87: 44713 | C87: 44543 | D87: Local Calls | E87: FREE | F87: 0 | G87: 2411 | H87: 0.47252315
A88: 97299622 | B88: 44713 | C88: 44561 | D88: Rental | E88: Access Fee Service 5G | F88: 5 | G88: 0
A89: 97299622 | B89: 44713 | C89: 44546 | D89: Third Party | E89: Visual voicemail | F89: 0 | G89: 1 | H89: 0.46320602
A90: 97299622 | B90: 44713 | C90: 44539 | D90: Local Calls | E90: FREE | F90: 0 | G90: 156 | H90: 0.3408912
A91: 97299622 | B91: 44713 | C91: 44536 | D91: Local Calls | E91: FREE | F91: 0 | G91: 106 | H91: 0.52497685
A92: 97299622 | B92: 44713 | C92: 44554 | D92: Local GPRS | E92: 300GB Data Service | F92: 0 | G92: 142904518 | H92: 0.00063657407
A93: 97299622 | B93: 44713 | C93: 44538 | D93: Local GPRS | E93: 300GB Data Service | F93: 0 | G93: 779621428 | H93: 0.028530093
A94: 97299622 | B94: 44713 | C94: 44536 | D94: Local GPRS | E94: 300GB Data Service | F94: 0 | G94: 133488636 | H94: 0.026435185
A95: 97299622 | B95: 44713 | C95: 44557 | D95: Local Calls | E95: FREE | F95: 0 | G95: 1294 | H95: 0.53282407
A96: 97299622 | B96: 44713 | C96: 44556 | D96: Local Calls | E96: FREE | F96: 0 | G96: 355 | H96: 0.55702546
A97: 97299622 | B97: 44713 | C97: 44544 | D97: Local Calls | E97: FREE | F97: 0 | G97: 1790 | H97: 0.3753125
A98: 97299622 | B98: 44713 | C98: 44534 | D98: Local GPRS | E98: 300GB Data Service | F98: 0 | G98: 655677731 | H98: 0.013090278
A99: 97299622 | B99: 44713 | C99: 44534 | D99: Local GPRS | E99: PREP GPRS | F99: 0 | G99: 190607 | H99: 0.89814815
A100: 97299622 | B100: 44713 | C100: 44558 | D100: Local GPRS | E100: PREP GPRS | F100: 0 | G100: 13747421 | H100: 0.80216435
... A107: 97299622 | B107: 44713 | C107: 44561 | D107: Local GPRS | E107: 300GB Data Service | F107: 0 | G107: 28746336 | H107: 0.066909722
A108: 97299622 | B108: 44713 | C108: 44561 | D108: Rental | E108: GD2_KD 10 CORP. MONTHLY DISCOUNT | F108: 10 | G108: 0
A109: 97299622 | B109: 44713 | C109: 44553 | D109: Third Party | E109: Ministry of CIVIL Information MT | F109: 0.7 | G109: 14 | H109: 0.57319444
A110: 97299622 | B110: 44713 | C110: 44561 | D110: Rental | E110: KD 2.5 Discount Data Sharing 24 M | F110: 2.5 | G110: 0
A111: 97299622 | B111: 44713 | C111: 44537 | D111: Local Calls | E111: FREE | F111: 0 | G111: 296 | H111: 0.45271991
A112: 97299622 | B112: 44713 | C112: 44561 | D112: Rental | E112: N7A | F112: -3 | G112: 0
A113: 97299622 | B113: 44713 | C113: 44561 | D113: Rental | E113: Corp Data Sharing-KD 2.5 Monthly Discount DS (DSKD25DISC) | F113: -2.5 | G113: 0
A114: 97299622 | B114: 44713 | C114: 44553 | D114: Local GPRS | E114: 300GB Data Service | F114: 0 | G114: 314112699 | H114: 0.033252315
A115: 97299622 | B115: 44713 | C115: 44537 | D115: Local Calls | E115: FREE | F115: 0 | G115: 743 | H115: 0.72
A116: 97299622 | B116: 44713 | C116: 44559 | D116: Local Calls | E116: FREE | F116: 0 | G116: 670 | H116: 0.3841088
A117: 97299622 | B117: 44713 | C117: 44544 | D117: Local Calls | E117: FREE | F117: 0 | G117: 4591 | H117: 0.0064583333
A118: 97299622 | B118: 44713 | C118: 44539 | D118: Local Calls | E118: FREE | F118: 0 | G118: 413 | H118: 0.51622685
A119: 97299622 | B119: 44713 | C119: 44538 | D119: Local Calls | E119: FREE | F119: 0 | G119: 262 | H119: 0.39538194
A120: 97299622 | B120: 44713 | C120: 44531 | D120: Local Calls | E120: FREE | F120: 0 | G120: 5819 | H120: 0.40467593
A121: 97299622 | B121: 44713 | C121: 44534 | D121: Local Calls | E121: FREE | F121: 0 | G121: 545 | H121: 0.6477662
A122: 97299622 | B122: 44713 | C122: 44542 | D122: Local Calls | E122: FREE | F122: 0 | G122: 325 | H122: 0.60465278
A123: 97299622 | B123: 44713 | C123: 44561 | D123: Rental | E123: Corp Data Sharing-KD 2.5 Monthly Discount DS (DSKD25DISC) | F123: 2.5 | G123: 0
A124: 97299622 | B124: 44713 | C124: 44545 | D124: Local Calls | E124: FREE | F124: 0 | G124: 363 | H124: 0.41177083
A125: 97299622 | B125: 44713 | C125: 44533 | D125: Local Calls | E125: FREE | F125: 0 | G125: 1384 | H125: 0.59655093
A126: 97299622 | B126: 44713 | C126: 44542 | D126: Local Calls | E126: FREE | F126: 0 | G126: 875 | H126: 0.39440972
...

Sheet Rentals
A1: SubNo | B1: ZAIN | C1: EQUATE | D1: Variance | E1: Line Owner | F1: Line Status | G1: Transaction Date | H1: SRS
A2: 99032043 | B2: 32.177 | C2: 35 | D2: 2.823 | E2: Lulwa Munaifi | F2: VOICE | G2: 44075 | H2: promoted to leader - 2638
A3: 60666565 | B3: 25 | C3: 32 | D3: 7 | E3: Dekheel Al-Dekheel | F3: VOICE | G3: 44271 | H3: 2697
A4: 66674310 | B4: 40 | C4: 32 | D4: -8 | E4: Mosaed Abdullah Alsarhan | F4: VOICE | G4: 44356 | H4: 3149
A5: 94013245 | B5: 22 | C5: 32 | D5: 10 | E5: Hussain Al-Omran | F5: VOICE | G5: 44271 | H5: 2708
A6: 94482220 | B6: 32 | C6: 32 | D6: 0 | E6: Osama Ghanim | F6: VOICE | G6: 44389 | H6: 3145
A7: 94491406 | B7: 37 | C7: 32 | D7: -5 | E7: Sudhir Shenoy | F7: VOICE | G7: 44445 | H7: 3271
A8: 95515411 | B8: 37 | C8: 32 | D8: -5 | E8: Saad Al-Buhairi | F8: VOICE | G8: 44271 | H8: 2723
A9: 96055055 | B9: 37 | C9: 32 | D9: -5 | E9: Salem Al-Hajiri | F9: VOICE | G9: 44271 | H9: 3012
A10: 96966189 | B10: 37 | C10: 32 | D10: -5 | E10: Areef Shah | F10: VOICE | G10: 44389 | H10: 3148
A11: 97146869 | B11: 37 | C11: 32 | D11: -5 | E11: Mridul Das | F11: VOICE | G11: 44271 | H11: 2942
A12: 97201514 | B12: 37 | C12: 32 | D12: -5 | E12: Fahad Al-Muzaini | F12: VOICE | G12: 44326 | H12: 2816
A13: 97202422 | B13: 22 | C13: 32 | D13: 10 | E13: Adel Al-Dhafiri | F13: VOICE | G13: 44250 | H13: 2901
A14: 97204181 | B14: 34.5 | C14: 32 | D14: -2.5 | E14: Munif Al-Mutairi | F14: VOICE | G14: 44271 | H14: 2867
... A246: 99857111 | B246: 22.5 | C246: 20 | D246: -2.5 | E246: Bashar Al-Sharrah | F246: VOICE | G246: 44451 | H246: 3284
A247: 99871115 | B247: 20 | C247: 20 | D247: 0 | E247: Salem Al-Hajeri | F247: VOICE | G247: 43831 | H247: transferred to EQUATE - srs 2552
A248: 99874111 | B248: 22.5 | C248: 20 | D248: -2.5 | E248: Musaed Al-Saleem | F248: VOICE | G248: 44326 | H248: 2889
A249: 99888428 | B249: 22.5 | C249: 20 | D249: -2.5 | E249: Abdulaziz AlHarbi | F249: VOICE | G249: 44326 | H249: 2892
A250: 99890707 | B250: 22.5 | C250: 20 | D250: -2.5 | E250: Abdulaziz Karimi | F250: VOICE | G250: 44250 | H250: 2736
A251: 99898648 | B251: 22.5 | C251: 20 | D251: -2.5 | E251: Abdulrahmnan AlKandary | F251: VOICE | G251: 44406 | H251: 3219
A252: 99904454 | B252: 20 | C252: 20 | D252: 0 | E252: Abdullah Abdulrahman AlMansouri | F252: VOICE | G252: 44250 | H252: 2874
A253: 99998008 | B253: 25.5 | C253: 20 | D253: -5.5 | E253: Haidar Qezwaini | F253: VOICE | G253: 44250 | H253: 2985
A254: 94162974 | B254: 17 | C254: 17 | D254: 0 | E254: Nasser AlDossari Router 5G | F254: DATA | G254: 44107 | H254: based on Nawaf request
A255: 98023773 | B255: 17 | C255: 17 | D255: 0 | E255: TKSC Office shared router | F255: DATA | G255: 44364 | H255: 3185
A256: 90086291 | B256: 0 | C256: 15 | D256: 15 | E256: EBSM department Router | F256: DATA | G256: 44510 | H256: 3353
A257: 96021906 | B257: 15 | C257: 15 | D257: 0 | E257: EH&S - ERT | F257: DATA | G257: 44487 | H257: 3332
A258: 97223371 | B258: 18 | C258: 15 | D258: -3 | E258: ES&S Dispatcher Team | F258: VOICE | G258: 0 | H258: 0
A259: 99992410 | B259: 22.5 | C259: 15 | D259: -7.5 | E259: Incident Commander team | F259: VOICE | G259: 44522 | H259: 3360
A260: 97448153 | B260: 14 | C260: 13 | D260: -1 | E260: Fatema Al-Faresi | F260: DATA | G260: 44478 | H260: 0
A261: 94180912 | B261: 15 | C261: 12 | D261: -3 | E261: Dept Use (vendors and visitors especially during shutdowns) | F261: DATA | G261: 44336 | H261: 2966
A262: 97206921 | B262: 12 | C262: 11 | D262: -1 | E262: EH&S Department | F262: Data | G262: 44507 | H262: 3239
A263: 97249722 | B263: 11 | C263: 11 | D263: 0 | E263: Emad Abdou El-Moselhi - Mi-Fi | F263: DATA | G263: 0 | H263: 0
A264: 94002169 | B264: 8 | C264: 10 | D264: 2 | E264: MTO Berth 13 Project Team | F264: DATA | G264: 44326 | H264: 3128
A265: 96915901 | B265: 10 | C265: 10 | D265: 0 | E265: Mohamed Al-Boloushi - home router | F265: DATA | G265: 43922 | H265: 0
A266: 97282819 | B266: 8.226 | C266: 10 | D266: 1.774 | E266: Bashar Al-Ali | F266: VOICE | G266: 0 | H266: 0
A267: 98072434 | B267: 13.5 | C267: 10 | D267: -3.5 | E267: Shamayel Al-Baloul- home router | F267: DATA | G267: 43922 | H267: 0
A268: 94984854 | B268: 10 | C268: 7 | D268: -3 | E268: Frank Koepke | F268: DATA | G268: Macrh 2020 | H268: 2595
A269: 96052721 | B269: 7 | C269: 7 | D269: 0 | E269: CCB First floor area | F269: DATA | G269: 43891 | H269: 2583
A270: 96056105 | B270: 10 | C270: 7 | D270: -3 | E270: Process Automation Design Team | F270: DATA | G270: 43891 | H270: 2587
A271: 97550430 | B271: 11 | C271: 7 | D271: -4 | E271: Union Router | F271: DATA | G271: 43739 | H271: 0
A272: 97610866 | B272: 10 | C272: 7 | D272: -3 | E272: Honeywell Team | F272: DATA | G272: 43891 | H272: 2586
A273: 90963661 | B273: 4 | C273: 6 | D273: 2 | E273: Innovation center router | F273: DATA | G273: 0 | H273: 0
A274: 97170273 | B274: 4 | C274: 6 | D274: 2 | E274: RMD CO | F274: DATA | G274: 44348 | H274: 3170
A275: 97214114 | B275: 4 | C275: 6 | D275: 2 | E275: Alaa Abdullah | F275: VOICE | G275: 0 | H275: 0
A276: 97652988 | B276: 4 | C276: 6 | D276: 2 | E276: Moidu - Driver | F276: VOICE | G276: 44525 | H276: 3359
A277: 51411110 | B277: 4 | C277: 4 | D277: 0 | E277: Abdulaziz Al Rubah | F277: VOICE | G277: 0 | H277: 0
A278: 55007117 | B278: 4 | C278: 4 | D278: 0 | E278: Fahad Jarallah | F278: VOICE | G278: 0 | H278: 0
A279: 55499947 | B279: 4 | C279: 4 | D279: 0 | E279: Abdulaziz Al-Dekheel | F279: VOICE | G279: 44451 | H279: 3258
A280: 60617444 | B280: 4 | C280: 4 | D280: 0 | E280: Eisa Al-Misbah | F280: VOICE | G280: 43770 | H280: 2502
... A282: 66025751 | B282: 4 | C282: 4 | D282: 0 | E282: Sreekanth Nair | F282: VOICE | G282: 0 | H282: 0
A283: 66326802 | B283: 4 | C283: 4 | D283: 0 | E283: Rakibul Islam Hossain | F283: VOICE | G283: 43586 | H283: 2299 transfer to equate
A284: 66441012 | B284: 4 | C284: 4 | D284: 0 | E284: Youssef Asadalallah | F284: VOICE | G284: 43800 | H284: 2543- new line
A285: 66663806 | B285: 4 | C285: 4 | D285: 0 | E285: Zainah Najem | F285: VOICE | G285: 44462 | H285: 3278
A286: 67774422 | B286: 4 | C286: 4 | D286: 0 | E286: Mohammed Jawad Hasan | F286: VOICE | G286: 44349 | H286: 3153
A287: 90006619 | B287: 4 | C287: 4 | D287: 0 | E287: Fahad Al-Hattab - HQ security Office contractor | F287: VOICE | G287: 43556 | H287: 2277
A288: 90031096 | B288: 4 | C288: 4 | D288: 0 | E288: Rajesh Patibandla - Contr | F288: VOICE | G288: 43040 | H288: 0
A289: 90041028 | B289: 4 | C289: 4 | D289: 0 | E289: Ali Al-Baghli | F289: VOICE | G289: 43647 | H289: 2405
A290: 90052140 | B290: 4 | C290: 4 | D290: 0 | E290: security data line for ipad | F290: DATA | G290: 0 | H290: 0
A291: 90069810 | B291: 4 | C291: 4 | D291: 0 | E291: Abdulrahman Al-dehani ( emp#2403) | F291: VOICE | G291: 44375 | H291: 3195
A292: 90085118 | B292: 4 | C292: 4 | D292: 0 | E292: Abdullah AL Loughani | F292: VOICE | G292: 44375 | H292: 3194
A293: 90919571 | B293: 3 | C293: 4 | D293: 1 | E293: Abdulrahman Al-Shaiji | F293: VOICE | G293: 43739 | H293: 2469
A294: 90952457 | B294: 4 | C294: 4 | D294: 0 | E294: Khaled KH E Al-Ghith | F294: VOICE | G294: 44333 | H294: 3053
A295: 90953619 | B295: 4 | C295: 4 | D295: 0 | E295: Ehab Bakheet | F295: VOICE | G295: 0 | H295: 0
A296: 90962001 | B296: 4 | C296: 4 | D296: 0 | E296: Ahmed Ezzat | F296: VOICE | G296: 0 | H296: 0
... A302: 94066844 | B302: 4 | C302: 4 | D302: 0 | E302: DO Dept. User 2 | F302: VOICE | G302: 44544 | H302: 3367
A303: 94067431 | B303: 4 | C303: 4 | D303: 0 | E303: Noura Al-Thuferi | F303: VOICE | G303: 0 | H303: un known users
A304: 94083615 | B304: 4 | C304: 4 | D304: 0 | E304: Venkata ( new joined employee) | F304: VOICE | G304: 44375 | H304: 3191
A305: 94098658 | B305: 4 | C305: 4 | D305: 0 | E305: Paraman Palanisamy | F305: VOICE | G305: 44263 | H305: 2666
A306: 94101801 | B306: 4 | C306: 4 | D306: 0 | E306: Fatemah AlEnezi | F306: VOICE | G306: 43900 | H306: 2584
A307: 94102905 | B307: 4 | C307: 4 | D307: 0 | E307: juachon Vernaliz | F307: VOICE | G307: 0 | H307: 0
A308: 94111253 | B308: 4 | C308: 4 | D308: 0 | E308: Hamad Al-Hajeri | F308: VOICE | G308: 43831 | H308: 2559
A309: 94172569 | B309: 4 | C309: 4 | D309: 0 | E309: Alaa Abdullah - CONTROL ROOM LINE | F309: VOICE | G309: 17.05.2016 | H309: 617
A310: 94183163 | B310: 4 | C310: 4 | D310: 0 | E310: Huda Al-Saffar | F310: VOICE | G310: 44451 | H310: 3282
A311: 94187262 | B311: 4 | C311: 4 | D311: 0 | E311: Bradly Scanlon | F311: VOICE | G311: 0 | H311: 0
A312: 94408520 | B312: 4 | C312: 4 | D312: 0 | E312: Amna Al Shatti | F312: VOICE | G312: 0 | H312: 0
A313: 94423307 | B313: 4 | C313: 4 | D313: 0 | E313: Ahmed Al-Aboh | F313: VOICE | G313: 0 | H313: 0
A314: 94445706 | B314: 4 | C314: 4 | D314: 0 | E314: Thomas Abraham (dept driver) | F314: VOICE | G314: 0 | H314: 0
A315: 94447547 | B315: 4 | C315: 4 | D315: 0 | E315: Security Main Gate | F315: VOICE | G315: 42742 | H315: transfer from personal to EQUATE
A316: 94448750 | B316: 7.097 | C316: 4 | D316: -3.097 | E316: DAS Vibration | F316: VOICE | G316: 44538 | H316: 3379
A317: 94448908 | B317: 4 | C317: 4 | D317: 0 | E317: Archi Torres | F317: VOICE | G317: 44402 | H317: 3213
A318: 94453681 | B318: 4 | C318: 4 | D318: 0 | E318: Rajani Kumar Jonnala | F318: VOICE | G318: 44479 | H318: 3279
A319: 94499873 | B319: 4 | C319: 4 | D319: 0 | E319: Hamad Al-Salloom | F319: VOICE | G319: 0 | H319: 0
A320: 94754785 | B320: 4 | C320: 4 | D320: 0 | E320: Ali AlSayed | F320: VOICE | G320: 0 | H320: 0
A321: 94769596 | B321: 4 | C321: 4 | D321: 0 | E321: Mohamed Al-Boloushi | F321: VOICE | G321: 44525 | H321: 2464
A322: 94942255 | B322: 4 | C322: 4 | D322: 0 | E322: Yousef Edris - Aayaan supervisor | F322: VOICE | G322: 0 | H322: 0
A323: 94957043 | B323: 4 | C323: 4 | D323: 0 | E323: Shahad AlKhalfan | F323: VOICE | G323: 0 | H323: 0
A324: 94958148 | B324: 4 | C324: 4 | D324: 0 | E324: MFT1 Driver | F324: VOICE | G324: 0 | H324: 0
A325: 94960197 | B325: 4 | C325: 4 | D325: 0 | E325: Zainab Al-Shafi | F325: VOICE | G325: 44496 | H325: 3321
A326: 94960412 | B326: 4 | C326: 4 | D326: 0 | E326: Backup phone for Aromatics Dept | F326: VOICE | G326: 44496 | H326: 3349
A327: 94963276 | B327: 4 | C327: 4 | D327: 0 | E327: Latifah Barrak Mohsen Elwan | F327: VOICE | G327: 44496 | H327: 3305
... A371: 97120465 | B371: 4 | C371: 4 | D371: 0 | E371: Sudhir's Son | F371: VOICE | G371: 44444 | H371: 0
A372: 97121588 | B372: 4 | C372: 4 | D372: 0 | E372: Bader Al-Harbi | F372: VOICE | G372: 17.03.2016 | H372: 0
A373: 97121718 | B373: 4 | C373: 4 | D373: 0 | E373: Shaker Al-Awadhi | F373: VOICE | G373: 42776 | H373: 1454
A374: 97121988 | B374: 4 | C374: 4 | D374: 0 | E374: Mohammed Al-Ramezi | F374: VOICE | G374: 43739 | H374: 0
A375: 97123288 | B375: 4 | C375: 4 | D375: 0 | E375: Abdullah Al Mutawa | F375: VOICE | G375: 0 | H375: 0
A376: 97132486 | B376: 4 | C376: 4 | D376: 0 | E376: Karthik K. Kannan | F376: VOICE | G376: 44333 | H376: 2752
A377: 97134841 | B377: 4 | C377: 4 | D377: 0 | E377: ABDULWAHAB WALEED ALTABTABAEI | F377: VOICE | G377: 44263 | H377: 3016
A378: 97140508 | B378: 4 | C378: 4 | D378: 0 | E378: Mohammed Al-Ansari | F378: VOICE | G378: 0 | H378: 0
A379: 97146499 | B379: 4 | C379: 4 | D379: 0 | E379: Shinu Thomas | F379: VOICE | G379: 0 | H379: 0
A380: 97150370 | B380: 4 | C380: 4 | D380: 0 | E380: Sanjay K Roy | F380: VOICE | G380: 44333 | H380: 2996
...

Sheet Third Party
A1: SUBNO | B1: BILLDATE | C1: TRANSDATE | D1: TYPE | E1: BILLTEXT | F1: Amount | G1: DURATION | H1: TIME
A2: 96017287 | B2: 44562 | C2: 44539 | D2: Third Party | E2: Miss U Service | F2: 0 | G2: 1 | H2: 0.37854167
A3: 99000816 | B3: 44562 | C3: 44558 | D3: Third Party | E3: Miss U Service | F3: 0 | G3: 1 | H3: 0.76609954
A4: 96699788 | B4: 44562 | C4: 44555 | D4: Third Party | E4: 1808080 Magazine | F4: 0.5 | G4: 1 | H4: 0.8377662
A5: 97220899 | B5: 44562 | C5: 44552 | D5: Third Party | E5: Miss U Service | F5: 0 | G5: 1 | H5: 0.71302083
A6: 97280956 | B6: 44562 | C6: 44539 | D6: Third Party | E6: Ministry of CIVIL Information MT | F6: 0.2 | G6: 4 | H6: 0.41707176
A7: 66441012 | B7: 44562 | C7: 44535 | D7: Third Party | E7: Visual voicemail | F7: 0 | G7: 3 | H7: 0.43701389
A8: 97275459 | B8: 44562 | C8: 44546 | D8: Third Party | E8: Miss U Service | F8: 0 | G8: 1 | H8: 0.53327546
A9: 97257059 | B9: 44562 | C9: 44533 | D9: Third Party | E9: Miss U Service | F9: 0 | G9: 1 | H9: 0.37365741
A10: 97133387 | B10: 44562 | C10: 44548 | D10: Third Party | E10: Miss U Service | F10: 0 | G10: 1 | H10: 0.78653935
A11: 97220899 | B11: 44562 | C11: 44537 | D11: Third Party | E11: Miss U Service | F11: 0 | G11: 1 | H11: 0.75212963
A12: 99729764 | B12: 44562 | C12: 44538 | D12: Third Party | E12: ALKawthar -Prayer Time | F12: 0.5 | G12: 1 | H12: 0.51101852
A13: 97285001 | B13: 44562 | C13: 44557 | D13: Third Party | E13: Miss U Service | F13: 0 | G13: 1 | H13: 0.33891204
... A930: 97967141 | B930: 44562 | C930: 44534 | D930: Third Party | E930: Miss U Service | F930: 0 | G930: 1 | H930: 0.41643519

Sheet Other Charges
A1: SUBNO | B1: BILLDATE | C1: TRANSDATE | D1: TYPE | E1: BILLTEXT | F1: Amount | G1: DURATION | H1: TIME | I1: Line Owner
A2: 94083615 | B2: 44562 | C2: 44561 | D2: Other Charges | E2: SIM CARDS | F2: 5 | G2: 0 | I2: =VLOOKUP(A:A,MS!A:L,2,0) -> Venkata ( new joined employee)
A3: 96662171 | B3: 44562 | C3: 44561 | D3: Other Charges | E3: Apple Device charges | F3: 1256 | G3: 0 | I3: =VLOOKUP(A:A,MS!A:L,2,0) -> Mohamad khaled Hamou
A4: 96915901 | B4: 44562 | C4: 44561 | D4: Other Charges | E4: SIM CARDS | F4: 2 | G4: 0 | I4: =VLOOKUP(A:A,MS!A:L,2,0) -> Mohamed Al-Boloushi - home router
A5: 97229847 | B5: 44562 | C5: 44561 | D5: Other Charges | E5: FREE SIM CARDS | F5: -5 | G5: 0 | I5: =VLOOKUP(A:A,MS!A:L,2,0) -> Abdullateef A S Al-Humaidan
A6: 97229847 | B6: 44562 | C6: 44561 | D6: Other Charges | E6: SIM CARDS | F6: 5 | G6: 0 | I6: =VLOOKUP(A:A,MS!A:L,2,0) -> Abdullateef A S Al-Humaidan
A7: 97275478 | B7: 44562 | C7: 44561 | D7: Other Charges | E7: FREE SIM CARDS | F7: -5 | G7: 0 | I7: =VLOOKUP(A:A,MS!A:L,2,0) -> #N/A
A8: 97275478 | B8: 44562 | C8: 44561 | D8: Other Charges | E8: SIM CARDS | F8: 5 | G8: 0 | I8: =VLOOKUP(A:A,MS!A:L,2,0) -> #N/A
A9: 97511239 | B9: 44562 | C9: 44561 | D9: Other Charges | E9: SIM CARDS | F9: 5 | G9: 0 | I9: =VLOOKUP(A:A,MS!A:L,2,0) -> Riyas Beevi - Valve Tracker
A10: 97511239 | B10: 44562 | C10: 44561 | D10: Other Charges | E10: FREE SIM CARDS | F10: -5 | G10: 0 | I10: =VLOOKUP(A:A,MS!A:L,2,0) -> Riyas Beevi - Valve Tracker
A11: 97653441 | B11: 44562 | C11: 44561 | D11: Other Charges | E11: FREE SIM CARDS | F11: -5 | G11: 0 | I11: =VLOOKUP(A:A,MS!A:L,2,0) -> Rajesh Sawahney
A12: 97653441 | B12: 44562 | C12: 44561 | D12: Other Charges | E12: SIM CARDS | F12: 5 | G12: 0 | I12: =VLOOKUP(A:A,MS!A:L,2,0) -> Rajesh Sawahney
A13: 97740157 | B13: 44562 | C13: 44561 | D13: Other Charges | E13: SIM CARDS | F13: 5 | G13: 0 | I13: =VLOOKUP(A:A,MS!A:L,2,0) -> Fahad Al-Qattan
... A24: 98754927 | B24: 44562 | C24: 44561 | D24: Other Charges | E24: SIM CARDS | F24: 5 | G24: 0 | I24: =VLOOKUP(A:A,MS!A:L,2,0) -> Wahid Hashmi

Sheet Disconnection Fee
A1: SUBNO | B1: BILLDATE | C1: TRANSDATE | D1: TYPE | E1: BILLTEXT | F1: Amount | G1: DURATION | H1: TIME | I1: Line Owner | J1: SRS Number | K1: Informed Department ?
A2: 97214480 | B2: 44562 | C2: 44561 | D2: Disconnection Fee | E2: Early Termination | F2: 240.125 | G2: 0 | I2: Asok Kumar | J2: 3395 | K2: Yes
A3: 97265189 | B3: 44562 | C3: 44561 | D3: Disconnection Fee | E3: Early Termination | F3: 30 | G3: 0 | I3: Ali Al Kandari | J3: 3377 | K3: Yes
A4: 97226047 | B4: 44562 | C4: 44561 | D4: Disconnection Fee | E4: Early Termination | F4: 18 | G4: 0 | I4: Yamini Karanaver | J4: 3372 | K4: Yes
A5: 97214480 | B5: 44562 | C5: 44561 | D5: Disconnection Fee | E5: Early Termination | F5: 41.6 | G5: 0 | I5: Asok Kumar | J5: 3395 | K5: Yes
A6: 97228339 | B6: 44562 | C6: 44561 | D6: Disconnection Fee | E6: Early Termination | F6: 53.75 | G6: 0 | I6: Ahmed Al-Muneer | J6: 3389 | K6: Yes

Sheet MS
A1: Mob. No. | B1: User Name | C1: Description | D1: Category | E1: Subscp | F1: Department | G1: Cost Area | H1: Share | I1: Total 1 | J1: Total 2 | K1: Action Date | L1: SRS #
A2: 98866599 | B2: Phisanu Sermchaiwong | C2: VOICE | D2: people leader | E2: 32 | F2: Fin. Mgt. | G2: CORPCFO191 | H2: 1 | I2: 36 | J2: 36 | K2: 44250 | L2: 2702
A3: 98016063 | B3: Zainab Haider | C3: VOICE | D3: people leader | E3: 32 | F3: I T | G3: CORPIT_191 | H3: 1 | I3: 32 | J3: 32 | K3: 44250 | L3: 2692
A4: 97254058 | B4: Rashed Jasem | C4: VOICE | D4: people leader | E4: 32 | F4: I T | G4: CORPIT_191 | H4: 1 | I4: 32 | J4: 32 | K4: 44326 | L4: 3118
A5: 97242627 | B5: Abdulaziz Al-Abdullah | C5: VOICE | D5: people leader | E5: 32 | F5: E G | G5: PLNTMFG120 | H5: 1 | I5: 33 | J5: 33 | K5: 44356 | L5: 2905
A6: 99384675 | B6: Abdulhadi Al-Ajmi | C6: VOICE | D6: people leader | E6: 32 | F6: R & D | G6: CORPRND120 | H6: 1 | I6: 22.266 | J6: 22.266 | K6: 44250 | L6: 2704
A7: 99783228 | B7: Abdulhamid Al-Najjar | C7: VOICE | D7: people leader | E7: 32 | F7: E & C | G7: CORPENG190 | H7: 1 | I7: 27 | J7: 27 | K7: 44271 | L7: 2713
A8: 97251001 | B8: Abdullah Al-Ajmi | C8: VOICE | D8: people leader | E8: 32 | F8: ARO | G8: PLNTMFG360 | H8: 1 | I8: 34.396 | J8: 34.396 | K8: 44326 | L8: 3041
A9: 99652707 | B9: Abdullah Al-Kholaifi | C9: VOICE | D9: people leader | E9: 32 | F9: CLD | G9: PLNTLAB110 | H9: 1 | I9: 27 | J9: 27 | K9: 44389 | L9: 3187
A10: 97261986 | B10: Abdullah Al-Masoud | C10: VOICE | D10: people leader | E10: 32 | F10: E & C | G10: CORPENG190 | H10: 1 | I10: 27 | J10: 27 | K10: 44271 | L10: 2710
A11: 99064933 | B11: Abdullah Ridha | C11: VOICE | D11: people leader | E11: 32 | F11: TFT | G11: PLNTMNT189 | H11: 1 | I11: 29.186 | J11: 29.186 | K11: 44271 | L11: 2866
A12: 99628643 | B12: Abdulqader Al-Qabandi | C12: VOICE | D12: people leader | E12: 32 | F12: E H & S | G12: PLNTO/H131 | H12: 1 | I12: 34.324 | J12: 34.324 | K12: 44271 | L12: 2687
A13: 97231021 | B13: Abdulrahman Al-Shayaa | C13: VOICE | D13: people leader | E13: 32 | F13: ARO | G13: PLNTMFG360 | H13: 1 | I13: 22 | J13: 22 | K13: 44250 | L13: 2749
... A24: 97225933 | B24: Anas Al-Hashash | C24: VOICE | D24: people leader | E24: 32 | F24: E G | G24: PLNTO/H125 | H24: 1 | I24: 32 | J24: 32 | K24: 44326 | L24: 3068
A25: 97880286 | B25: Anwar Al-Shamma | C25: VOICE | D25: people leader | E25: 32 | F25: T I D | G25: CORPENG191 | H25: 1 | I25: 32 | J25: 32 | L25: 847
A26: 96966189 | B26: Areef Shah | C26: VOICE | D26: people leader | E26: 32 | F26: Internal Audit | G26: CORPAUD200 | H26: 1 | I26: 32 | J26: 32 | K26: 44389 | L26: 3148
A27: 99729764 | B27: Arif Al-Qattan | C27: VOICE | D27: people leader | E27: 32 | F27: T I D | G27: CORPENG191 | H27: 1 | I27: 35.5 | J27: 35.5 | K27: 44271 | L27: 2698
A28: 60666565 | B28: Dekheel Al-Dekheel | C28: VOICE | D28: people leader | E28: 32 | F28: Procurement | G28: PLNTO/H150 | H28: 1 | I28: 27.314 | J28: 27.314 | K28: 44271 | L28: 2697
A29: 99633830 | B29: Fahad Al-Kandari | C29: VOICE | D29: people leader | E29: 32 | F29: ESS | G29: PLNTMNT186 | H29: 1 | I29: 32 | J29: 32 | K29: 44271 | L29: 2778
A30: 97201514 | B30: Fahad Al-Muzaini | C30: VOICE | D30: people leader | E30: 32 | F30: E U | G30: PLNTMFG110 | H30: 1 | I30: 32.65 | J30: 32.65 | K30: 44326 | L30: 2816
A31: 99654756 | B31: Fahad Al-Nasser | C31: VOICE | D31: people leader | E31: 32 | F31: RMD MFT-3 | G31: PLNTMNT183 | H31: 1 | I31: 54.863 | J31: 54.863 | K31: 44356 | L31: 3175
A32: 97223589 | B32: Fawaz Al-Shehab | C32: VOICE | D32: people leader | E32: 32 | F32: B D | G32: CORPBND191 | H32: 1 | I32: 24.25 | J32: 24.25 | K32: 44271 | L32: 2711
A33: 97242652 | B33: Ghanim Al-Shammari | C33: VOICE | D33: people leader | E33: 32 | F33: PE | G33: PLNTMFG130 | H33: 1 | I33: 32 | J33: 32 | K33: 44250 | L33: 2789
A34: 98880384 | B34: Gonzalo Beltran | C34: VOICE | D34: people leader | E34: 32 | F34: Plant Mgt. | G34: PLNTO/H120 | H34: 1 | I34: 53.034 | J34: 53.034 | K34: 44250 | L34: 2706
A35: 99728269 | B35: Hassan Al-Ibrahim | C35: VOICE | D35: people leader | E35: 32 | F35: E U | G35: PLNTMFG110 | H35: 1 | I35: 32 | J35: 32 | K35: 44271 | L35: 2869
A36: 97275459 | B36: Homoud Al-Sammar | C36: VOICE | D36: people leader | E36: 32 | F36: RID | G36: PLNTMNT188 | H36: 1 | I36: 32.498 | J36: 32.498 | K36: 44250 | L36: 2682
A37: 94013245 | B37: Hussain Al-Omran | C37: VOICE | D37: people leader | E37: 32 | F37: HR- T&PM | G37: CORPHR_194 | H37: 1 | I37: 22 | J37: 22 | K37: 44271 | L37: 2708
... A72: 94491406 | B72: Sudhir Shenoy | C72: VOICE | D72: people leader | E72: 32 | F72: Commercial Mgt. | G72: CORPSLS190 | H72: 1 | I72: 120.679 | J72: 120.679 | K72: 44445 | L72: 3271
A73: 99032043 | B73: Lulwa Munaifi | C73: VOICE | D73: people leader | E73: 35 | F73: HR- T&PM | G73: CORPHR_194 | H73: 1 | I73: 46.177 | J73: 46.177 | K73: 44075 | L73: promoted to leader - 2638
A74: 97903540 | B74: Hanouf Y. Al-Fahad | C74: VOICE | D74: people leader | E74: 32 | F74: Finance | G74: CORPCFO190 | H74: 1 | I74: 32.31 | J74: 32.31 | K74: 44271 | L74: 3021
A75: 97282678 | B75: Asrar Mohammad | C75: VOICE | D75: SP.role/G20/Shift Leaders | E75: 32 | F75: CCD | G75: CORPPR_190 | H75: 1 | I75: 32.31 | J75: 32.31 | K75: 44334 | L75: 3111
A76: 99582836 | B76: Trevor Montiero | C76: VOICE | D76: people leader | E76: 32 | F76: Finance | G76: CORPCFO190 | H76: 1 | I76: 32.1 | J76: 32.1 | K76: 44445 | L76: 3261
A77: 97877825 | B77: Anwar Al-Dehani | C77: VOICE | D77: SP.role/G20/Shift Leaders | E77: 20 | F77: E H & S - Security | G77: PLNTO/H131 | H77: 1 | I77: 20 | J77: 20 | K77: 44271 | L77: 2783
A78: 99849018 | B78: Reham Al-Mulaifi | C78: VOICE | D78: SP.role/G20/Shift Leaders | E78: 20 | F78: Fin. Mgt. | G78: CORPCFO191 | H78: 1 | I78: 27 | J78: 27 | K78: 44271 | L78: 3022
A79: 97221733 | B79: Fawaz Al-Shuwaib | C79: VOICE | D79: SP.role/G20/Shift Leaders | E79: 20 | F79: I S C | G79: CORPSC_190 | H79: 1 | I79: 20.608 | J79: 20.608 | K79: 44271 | L79: 2895
A80: 99111461 | B80: Adel Al-Mutairi | C80: VOICE | D80: SP.role/G20/Shift Leaders | E80: 20 | F80: Marketing - PE | G80: CORPEMC130 | H80: 1 | I80: 20.02 | J80: 20.02 | K80: 44271 | L80: 2774
A81: 97276507 | B81: Alexander Mathen | C81: VOICE | D81: SP.role/G20/Shift Leaders | E81: 20 | F81: ARO | G81: PLNTMFG360 | H81: 1 | I81: 21.348 | J81: 21.348 | K81: 44250 | L81: 2768
A82: 97440886 | B82: Ahmad Al-Thuwaini | C82: VOICE | D82: SP.role/G20/Shift Leaders | E82: 20 | F82: E G | G82: PLNTMFG120 | H82: 1 | I82: 20.6 | J82: 20.6 | K82: 44250 | L82: 2907
A83: 97242124 | B83: Mohammed Hamza | C83: VOICE | D83: SP.role/G20/Shift Leaders | E83: 20 | F83: EBSM | G83: PLNTMFG340 | H83: 1 | I83: 20.1 | J83: 20.1 | K83: 44250 | L83: 2731
A84: 99121963 | B84: Hanan Al-Qallaf | C84: VOICE | D84: SP.role/G20/Shift Leaders | E84: 20 | F84: I T | G84: CORPIT_191 | H84: 1 | I84: 34 | J84: 34 | K84: 44271 | L84: 2912
A85: 97993344 | B85: Mohammad Hassan Al-Ajmi | C85: VOICE | D85: SP.role/G20/Shift Leaders | E85: 20 | F85: ISC DO PACKAGING | G85: PLNTMFG132 | H85: 1 | I85: 20 | J85: 20 | K85: 44250 | L85: 2950
... A90: 99636700 | B90: Jamal Al-Mayyal | C90: VOICE | D90: SP.role/G20/Shift Leaders | E90: 20 | F90: HR- P&S | G90: CORPHR_195 | H90: 1 | I90: 20 | J90: 20 | K90: 44250 | L90: 2767
A91: 97220899 | B91: Saud Al-Enezi | C91: VOICE | E91: 20 | F91: HR- P&S | G91: CORPHR_195 | H91: 1 | I91: 20 | J91: 20 | K91: 44381 | L91: 3182
A92: 99857111 | B92: Bashar Al-Sharrah | C92: VOICE | E92: 20 | F92: HR- P&S | G92: CORPHR_195 | H92: 1 | I92: 20 | J92: 20 | K92: 44451 | L92: 3284
A93: 98005581 | B93: Sarah Asem | C93: VOICE | D93: SP.role/G20/Shift Leaders | E93: 20 | F93: Marketing - PE | G93: CORPEMC130 | H93: 1 | I93: 21.365 | J93: 21.365 | K93: 44250 | L93: 2771
A94: 98005582 | B94: Saud Al-Zamel | C94: VOICE | E94: 20 | F94: Marketing - PE | G94: CORPEMC130 | H94: 1 | I94: 23.819 | J94: 23.819 | K94: 44250 | L94: 2772
A95: 99249305 | B95: Sabu Vettil | C95: VOICE | D95: SP.role/G20/Shift Leaders | E95: 20 | F95: Finance | G95: CORPCFO190 | H95: 1 | I95: 20.1 | J95: 20.1 | K95: 44250 | L95: 2734
A96: 90973847 | B96: Hamad AlShammari | C96: VOICE | D96: SP.role/G20/Shift Leaders | E96: 20 | F96: DO | G96: PLNTMFG132 | H96: 1 | I96: 20 | J96: 20 | K96: 44250 | L96: 2945
A97: 99815479 | B97: Faisal alhajeri | C97: VOICE | D97: SP.role/G20/Shift Leaders | E97: 20 | F97: CC&GA | G97: CORPHR_196 | H97: 1 | I97: 20.116 | J97: 20.116 | K97: 44250 | L97: 2758
A98: 96915901 | B98: Mohamed Al-Boloushi - home router | C98: DATA | E98: 10 | F98: CSG | G98: CORPHR_196 | H98: 1 | I98: 12 | J98: 12 | K98: 43922
A99: 99001178 | B99: Nasser Al-Mattar | C99: VOICE | D99: SP.role/G20/Shift Leaders | E99: 20 | F99: CSG | G99: CORPHR_196 | H99: 1 | I99: 48.277 | J99: 48.277 | K99: 44271 | L99: 2900
A100: 99542606 | B100: Mohammad Al-Haddad | C100: VOICE | D100: SP.role/G20/Shift Leaders | E100: 20 | F100: Procurement | G100: PLNTO/H150 | H100: 1 | I100: 20.333 | J100: 20.333 | K100: 44250 | L100: 2733
A101: 97221877 | B101: Mahdi Akbar | C101: VOICE | D101: SP.role/G20/Shift Leaders | E101: 20 | F101: T I D | G101: CORPENG191 | H101: 1 | I101: 31.164 | J101: 31.164 | K101: 44250 | L101: 2809
A102: 97220844 | B102: Mohammad Al-Rashidi | C102: VOICE | D102: SP.role/G20/Shift Leaders | E102: 20 | F102: RMD MFT-2 | G102: PLNTMNT182 | H102: 1 | I102: 21.15 | J102: 21.15 | K102: 44250 | L102: 2776
A103: 97220063 | B103: Nair Prakash | C103: VOICE | D103: SP.role/G20/Shift Leaders | E103: 20 | F103: E H & S | G103: PLNTO/H130 | H103: 1 | I103: 23.8 | J103: 23.8 | K103: 44250 | L103: 2790
A104: 97204731 | B104: Vijay Kumar | C104: VOICE | D104: SP.role/G20/Shift Leaders | E104: 20 | F104: E H & S | G104: PLNTO/H130 | H104: 1 | I104: 20.1 | J104: 20.1 | K104: 44250 | L104: 2791
A105: 97228892 | B105: Pagoti M Rao | C105: VOICE | D105: SP.role/G20/Shift Leaders | E105: 20 | F105: ARO | G105: PLNTMFG360 | H105: 1 | I105: 22.706 | J105: 22.706 | K105: 44250 | L105: 2858
A106: 97244487 | B106: Abdullah Al-Otaibi | C106: VOICE | D106: SP.role/G20/Shift Leaders | E106: 20 | F106: E H & S | G106: PLNTO/H131 | H106: 1 | I106: 27.884 | J106: 27.884 | K106: 44250 | L106: 2780
A107: 99712307 | B107: Osama Al-Mulla | C107: VOICE | D107: SP.role/G20/Shift Leaders | E107: 20 | F107: E H & S | G107: PLNTO/H131 | H107: 1 | I107: 20 | J107: 20 | K107: 44250 | L107: 2781
A108: 99285904 | B108: Sukumar Pal | C108: VOICE | D108: SP.role/G20/Shift Leaders | E108: 20 | F108: E U | G108: PLNTMFG110 | H108: 1 | I108: 20 | J108: 20 | K108: 44257 | L108: 2729
A109: 99667376 | B109: Sattam Al-Daham | C109: VOICE | D109: SP.role/G20/Shift Leaders | E109: 20 | F109: ISC DO PACKAGING | G109: PLNTMFG132 | H109: 1 | I109: 20.2 | J109: 20.2 | K109: 44250 | L109: 2951
A110: 99245428 | B110: Vangala Sarma | C110: VOICE | D110: SP.role/G20/Shift Leaders | E110: 20 | F110: T I D | G110: CORPENG191 | H110: 1 | I110: 20 | J110: 20 | K110: 44250 | L110: 2811
A111: 97255022 | B111: Fayez Al-Azemi | C111: VOICE | D111: SP.role/G20/Shift Leaders | E111: 20 | F111: UTL | G111: PLNTMFG190 | H111: 1 | I111: 20 | J111: 20 | K111: 44250 | L111: 2775
A112: 97226572 | B112: Aditya Venkata | C112: VOICE | D112: SP.role/G20/Shift Leaders | E112: 20 | F112: T I D | G112: CORPENG191 | H112: 1 | I112: 50 | J112: 50
A113: 99431998 | B113: Amer Al-Sulaiman | C113: VOICE | D113: SP.role/G20/Shift Leaders | E113: 20 | F113: EBSM | G113: PLNTMFG340 | H113: 1 | I113: 20 | J113: 20 | K113: 44250 | L113: 2748
A114: 97237776 | B114: Mohammad Al-Sayafi | C114: VOICE | D114: SP.role/G20/Shift Leaders | E114: 20 | F114: EBSM | G114: PLNTMFG340 | H114: 1 | I114: 20 | J114: 20 | K114: 44250 | L114: 2750
A115: 99890707 | B115: Abdulaziz Karimi | C115: VOICE | D115: SP.role/G20/Shift Leaders | E115: 20 | F115: CLD | G115: PLNTLAB110 | H115: 1 | I115: 20.465 | J115: 20.465 | K115: 44250 | L115: 2736
A116: 97248338 | B116: Khaled Al-Qashaan | C116: VOICE | D116: SP.role/G20/Shift Leaders | E116: 20 | F116: Procurement | G116: PLNTO/H150 | H116: 1 | I116: 35.544 | J116: 35.544 | K116: 44250 | L116: 2728
A117: 97226573 | B117: Ramesh Subbaraman | C117: VOICE | D117: SP.role/G20/Shift Leaders | E117: 20 | F117: T I D | G117: CORPENG191 | H117: 1 | I117: 20 | J117: 20 | K117: 44250 | L117: 2810
A118: 97133387 | B118: Hussain Al-Mail | C118: VOICE | D118: SP.role/G20/Shift Leaders | E118: 20 | F118: E H & S | G118: PLNTO/H131 | H118: 1 | I118: 20 | J118: 20 | K118: 44271 | L118: 2783
A119: 97297474 | B119: Niraj Jain contractor | C119: VOICE | D119: SP.role/G20/Shift Leaders | E119: 20 | F119: I T | G119: CORPIT_191 | H119: 1 | I119: 42.703 | J119: 42.703
A120: 97244008 | B120: Talal Al-Otaibi | C120: VOICE | D120: SP.role/G20/Shift Leaders | E120: 20 | F120: DO MTO | G120: PLNTDST110 | H120: 1 | I120: 20 | J120: 20 | K120: 44271 | L120: 3002
A121: 99898648 | B121: Abdulrahmnan AlKandary | C121: VOICE | D121: SP.role/G20/Shift Leaders | E121: 20 | F121: DO MTO | G121: PLNTDST110 | H121: 1 | I121: 20.3 | J121: 20.3 | K121: 44406 | L121: 3219
A122: 97121178 | B122: Senthil Kumar | C122: VOICE | D122: SP.role/G20/Shift Leaders | E122: 20 | F122: UTL | G122: PLNTMFG190 | H122: 1 | I122: 20 | J122: 20 | K122: 44326 | L122: 3108
A123: 97865994 | B123: Ibrahim Esmael | C123: VOICE | D123: SP.role/G20/Shift Leaders | E123: 20 | F123: Procurement | G123: PLNTO/H150 | H123: 1 | I123: 20 | J123: 20 | K123: 44271 | L123: 2726
A124: 99270307 | B124: Ahmed Domyati | C124: VOICE | D124: SP.role/G20/Shift Leaders | E124: 20 | F124: Procurement | G124: PLNTO/H150 | H124: 1 | I124: 20.433 | J124: 20.433 | K124: 44250 | L124: 2725
A125: 99888428 | B125: Abdulaziz AlHarbi | C125: VOICE | D125: SP.role/G20/Shift Leaders | E125: 20 | F125: E G | G125: PLNTMFG120 | H125: 1 | I125: 27 | J125: 27 | K125: 44326 | L125: 2892
A126: 97236136 | B126: Fatema Al-Faresi | C126: VOICE | D126: SP.role/G20/Shift Leaders | E126: 20 | F126: Marketing - PE | G126: CORPEMC131 | H126: 1 | I126: 20 | J126: 20 | K126: 44250 | L126: 2724
A127: 97223585 | B127: Mohammed Al-Shatti | C127: VOICE | D127: SP.role/G20/Shift Leaders | E127: 20 | F127: Marketing - PE | G127: CORPEMC130 | H127: 1 | I127: 20 | J127: 20 | K127: 44250 | L127: 2773
A128: 96660751 | B128: Lavina Vaz | C128: VOICE | D128: SP.role/G20/Shift Leaders | E128: 20 | F128: Marketing - EG | G128: CORPMEG190 | H128: 1 | I128: 22.4 | J128: 22.4 | K128: 44250 | L128: 2717
A129: 97134953 | B129: Shreekumar Nair | C129: VOICE | D129: SP.role/G20/Shift Leaders | E129: 20 | F129: Marketing - EG | G129: CORPMEG206 | H129: 1 | I129: 32.445 | J129: 32.445 | K129: 44497 | L129: 3343
A130: 99704321 | B130: Abdullah Al-Hazza | C130: VOICE | D130: SP.role/G20/Shift Leaders | E130: 20 | F130: E H & S | G130: PLNTO/H130 | H130: 1 | I130: 20 | J130: 20 | K130: 44250 | L130: 2792
A131: 90028389 | B131: Saleh Al-Shehab | C131: VOICE | D131: SP.role/G20/Shift Leaders | E131: 20 | F131: E H & S | G131: PLNTO/H130 | H131: 1 | I131: 20 | J131: 20 | K131: 44250 | L131: 2793
... A156: 66667799 | B156: Faisal Hamed Al-Mutairi | C156: VOICE | D156: SP.role/G20/Shift Leaders | E156: 20 | F156: DO | G156: PLNTMFG132 | H156: 1 | I156: 20 | J156: 20 | K156: 44250 | L156: 2947
A157: 55141144 | B157: Ahmed Al-Mutairi | C157: VOICE | D157: SP.role/G20/Shift Leaders | E157: 20 | F157: DO | G157: PLNTMFG132 | H157: 1 | I157: 22.36 | J157: 22.36 | K157: 43586
A158: 97905796 | B158: Mohammed Al-Sharrah | C158: VOICE | D158: SP.role/G20/Shift Leaders | E158: 20 | F158: DO | G158: PLNTDST200 | H158: 1 | I158: 20 | J158: 20 | K158: 44321 | L158: 2991
A159: 97200699 | B159: Abdulla Al-Sane | C159: VOICE | D159: SP.role/G20/Shift Leaders | E159: 20 | F159: E U | G159: PLNTMFG110 | H159: 1 | I159: 20 | J159: 20 | K159: 44445 | L159: 3245
A160: 99339222 | B160: Ahmad Al-Nouri | C160: VOICE | D160: SP.role/G20/Shift Leaders | E160: 20 | F160: DO | G160: PLNTMFG132 | H160: 1 | I160: 48.172 | J160: 48.172 | K160: 44335 | L160: 3038
A161: 97290435 | B161: Mohammed Al-Dehani | C161: VOICE | D161: SP.role/G20/Shift Leaders | E161: 20 | F161: PE | G161: PLNTMFG130 | H161: 1 | I161: 20 | J161: 20 | K161: 44335 | L161: 2965
A162: 97241714 | B162: Saswat K. Dash | C162: VOICE | D162: SP.role/G20/Shift Leaders | E162: 20 | F162: PE | G162: PLNTMFG130 | H162: 1 | I162: 20.7 | J162: 20.7 | K162: 44486 | L162: 3318
A163: 99753533 | B163: Nader Al-Ajmi | C163: VOICE | D163: SP.role/G20/Shift Leaders | E163: 20 | F163: ISC DO PACKAGING | G163: PLNTMFG132 | H163: 1 | I163: 67.595 | J163: 67.595 | K163: 44335 | L163: 3039
A164: 99808962 | B164: Mohammed Al-Ghemlas | C164: VOICE | D164: SP.role/G20/Shift Leaders | E164: 20 | F164: Dis. Ops. | G164: PLNTDST200 | H164: 1 | I164: 20.4 | J164: 20.4 | K164: 44335 | L164: 3040
A165: 98002280 | B165: Lafi Al-Enezi | C165: VOICE | D165: SP.role/G20/Shift Leaders | E165: 20 | F165: PE | G165: PLNTMFG130 | H165: 1 | I165: 20 | J165: 20 | K165: 43586 | L165: 2327
A166: 97276619 | B166: Bader Al-Shammari | C166: VOICE | D166: SP.role/G20/Shift Leaders | E166: 20 | F166: DO MTO | G166: PLNTDST110 | H166: 1 | I166: 20 | J166: 20 | K166: 44335 | L166: 3003
A167: 97288950 | B167: Naeem Harnekar | C167: VOICE | D167: SP.role/G20/Shift Leaders | E167: 20 | F167: DO MTO | G167: PLNTDST110 | H167: 1 | I167: 20.8 | J167: 20.8 | K167: 44335 | L167: 2909
A168: 97220061 | B168: Shadwa Al-Mulaifi | C168: VOICE | D168: SP.role/G20/Shift Leaders | E168: 20 | F168: HR- L&D | G168: CORPHR_192 | H168: 1 | I168: 20 | J168: 20 | K168: 44335 | L168: 2815
A169: 94162974 | B169: Nasser AlDossari Router 5G | C169: DATA | E169: 17 | F169: CEO | G169: CORPCEO190 | H169: 1 | I169: 17 | J169: 17 | K169: 44107 | L169: based on Nawaf request
A170: 99227558 | B170: Rami Ahmadouk | C170: VOICE | D170: SP.role/G20/Shift Leaders | E170: 20 | F170: CEO | G170: CORPCEO190 | H170: 1 | I170: 20 | J170: 20 | K170: 44383 | L170: 3172
A171: 90017819 | B171: Ahmad Alafaylakawi | C171: VOICE | D171: SP.role/G20/Shift Leaders | E171: 20 | F171: DO MTO | G171: PLNTDST110 | H171: 1 | I171: 20.1 | J171: 20.1 | K171: 44402 | L171: 3210
A172: 99068670 | B172: Youssef Al-Bader | C172: VOICE | D172: SP.role/G20/Shift Leaders | E172: 20 | F172: UTL | G172: PLNTMFG190 | H172: 1 | I172: 20.2 | J172: 20.2 | K172: 44353 | L172: 3146
...

Sheet NAs
A1: Mob. No. | B1: User Name | C1: Description | D1: Category | E1: Subscp | F1: Department | G1: Cost Area | H1: Share | I1: Total 1 | J1: Total 2 | K1: Action Date | L1: SRS #
A2: 97231375 | B2: Phisanu Sermchaiwong | C2: DATA SHARE | D2: people leader | E2: 0 | F2: Fin. Mgt. | G2: CORPCFO191 | H2: 1 | I2: #N/A | J2: #N/A | K2: 44250 | L2: 2702
A3: 94772358 | B3: Phisanu Sermchaiwong | C3: DATA SHARE | D3: people leader | E3: 0 | F3: Fin. Mgt. | G3: CORPCFO191 | H3: 1 | I3: #N/A | J3: #N/A | K3: 44250 | L3: 2702
A4: 96024595 | B4: Zainab Haider | C4: DATA SHARE | D4: people leader | E4: 0 | F4: I T | G4: CORPIT_191 | H4: 1 | I4: #N/A | J4: #N/A | K4: 44250 | L4: 2692
A5: 97464257 | B5: Zainab Haider | C5: DATA SHARE | D5: people leader | E5: 0 | F5: I T | G5: CORPIT_191 | H5: 1 | I5: #N/A | J5: #N/A | K5: 44250 | L5: 2692
A6: 94178156 | B6: Rashed Jasem | C6: DATA SHARE | D6: people leader | E6: 0 | F6: I T | G6: CORPIT_191 | H6: 1 | I6: #N/A | J6: #N/A | K6: 44326 | L6: 3118
A7: 98045098 | B7: Rashed Jasem | C7: DATA SHARE | D7: people leader | E7: 0 | F7: I T | G7: CORPIT_191 | H7: 1 | I7: #N/A | J7: #N/A | K7: 44326 | L7: 3118
A8: 98848519 | B8: Abdulaziz Al-Abdullah | C8: DATA SHARE | D8: people leader | E8: 0 | F8: E G | G8: PLNTMFG120 | H8: 1 | I8: #N/A | J8: #N/A | K8: 44356 | L8: 2905
A9: 95565249 | B9: Abdulhadi Al-Ajmi | C9: DATA SHARE | D9: people leader | E9: 0 | F9: R & D | G9: CORPRND120 | H9: 1 | I9: #N/A | J9: #N/A | K9: 44250 | L9: 2704
A10: 98017263 | B10: Abdulhadi Al-Ajmi | C10: DATA SHARE | D10: people leader | E10: 0 | F10: R & D | G10: CORPRND120 | H10: 1 | I10: #N/A | J10: #N/A | K10: 44250 | L10: 2704
A11: 94183937 | B11: Abdulhamid Al-Najjar | C11: DATA SHARE | D11: people leader | E11: 0 | F11: E & C | G11: CORPENG190 | H11: 1 | I11: #N/A | J11: #N/A | K11: 44271 | L11: 2713
A12: 96736875 | B12: Abdulhamid Al-Najjar | C12: DATA SHARE | D12: people leader | E12: 0 | F12: E & C | G12: CORPENG190 | H12: 1 | I12: #N/A | J12: #N/A | K12: 44271 | L12: 2713
A13: 97531491 | B13: Abdullah Al-Ajmi | C13: DATA SHARE | D13: people leader | E13: 0 | F13: ARO | G13: PLNTMFG360 | H13: 1 | I13: #N/A | J13: #N/A | K13: 44326 | L13: 3041
... A46: 98046219 | B46: Anas Al-Hashash | C46: DATA SHARE | D46: people leader | E46: 0 | F46: E G | G46: PLNTO/H125 | H46: 1 | I46: #N/A | J46: #N/A | K46: 44326 | L46: 3068
A47: 99489360 | B47: Anwar Al-Shamma | C47: DATA SHARE | D47: people leader | E47: 0 | F47: T I D | G47: CORPENG191 | H47: 1 | I47: #N/A | J47: #N/A | L47: 859
A48: 98562557 | B48: Anwar Al-Shamma | C48: DATA SHARE | D48: people leader | E48: 0 | F48: T I D | G48: CORPENG191 | H48: 1 | I48: #N/A | J48: #N/A
A49: 96915786 | B49: Areef Shah | C49: DATA SHARE | D49: people leader | E49: 0 | F49: Internal Audit | G49: CORPAUD200 | H49: 1 | I49: #N/A | J49: #N/A | K49: 44389 | L49: 3148
A50: 97936136 | B50: Areef Shah | C50: DATA SHARE | D50: people leader | E50: 0 | F50: Internal Audit | G50: CORPAUD200 | H50: 1 | I50: #N/A | J50: #N/A | K50: 44389 | L50: 3148
A51: 94140764 | B51: Arif Al-Qattan | C51: DATA SHARE | D51: people leader | E51: 0 | F51: T I D | G51: CORPENG191 | H51: 1 | I51: #N/A | J51: #N/A | K51: 44271 | L51: 2698
A52: 96764027 | B52: Arif Al-Qattan | C52: DATA SHARE | D52: people leader | E52: 0 | F52: T I D | G52: CORPENG191 | H52: 1 | I52: #N/A | J52: #N/A | K52: 44271 | L52: 2698
A53: 97431262 | B53: Dekheel Al-Dekheel Ipad | C53: DATA SHARE | D53: people leader | E53: 0 | F53: Procurement | G53: PLNTO/H150 | H53: 1 | I53: #N/A | J53: #N/A | K53: 44271 | L53: 2697
A54: 96052143 | B54: Dekheel Al-Dekheel router | C54: DATA SHARE | D54: people leader | E54: 0 | F54: Procurement | G54: PLNTO/H150 | H54: 1 | I54: #N/A | J54: #N/A | K54: 44271 | L54: 2697
A55: 97472820 | B55: Fahad Al-Kandari | C55: DATA SHARE | D55: people leader | E55: 0 | F55: ESS | G55: PLNTMNT186 | H55: 1 | I55: #N/A | J55: #N/A | K55: 44271 | L55: 2778
A56: 94729476 | B56: Fahad Al-Kandari | C56: DATA SHARE | D56: people leader | E56: 0 | F56: ESS | G56: PLNTMNT186 | H56: 1 | I56: #N/A | J56: #N/A | K56: 44271 | L56: 2778
A57: 95526950 | B57: Fahad Al-Muzaini | C57: DATA SHARE | D57: people leader | E57: 0 | F57: E U | G57: PLNTMFG110 | H57: 1 | I57: #N/A | J57: #N/A | K57: 44326 | L57: 2816
A58: 90957242 | B58: Fahad Al-Muzaini | C58: DATA SHARE | D58: people leader | E58: 0 | F58: E U | G58: PLNTMFG110 | H58: 1 | I58: #N/A | J58: #N/A | K58: 44326 | L58: 2816
A59: 98926482 | B59: Fahad Al-Nasser | C59: DATA SHARE | D59: people leader | E59: 0 | F59: RMD MFT-3 | G59: PLNTMNT183 | H59: 1 | I59: #N/A | J59: #N/A | K59: 44356 | L59: 3175
A60: 94731445 | B60: Fahad Al-Nasser | C60: DATA SHARE | D60: people leader | E60: 0 | F60: RMD MFT-3 | G60: PLNTMNT183 | H60: 1 | I60: #N/A | J60: #N/A | K60: 44356 | L60: 3175
... A84: 97285294 | B84: Mohammad Al-Ali | C84: DATA SHARE | D84: people leader | E84: 0 | F84: UTL | G84: PLNTMFG190 | H84: 1 | I84: #N/A | J84: #N/A | K84: 44271 | L84: 2678
A85: 96075232 | B85: Mohammad Al-Mutairi | C85: DATA SHARE | D85: people leader | E85: 0 | F85: UTL | G85: PLNTMFG360 | H85: 1 | I85: #N/A | J85: #N/A
A86: 98517069 | B86: Mohammad Al-Mutairi | C86: DATA SHARE | D86: people leader | E86: 0 | F86: UTL | G86: PLNTMFG360 | H86: 1 | I86: #N/A | J86: #N/A
A87: 97994207 | B87: Mohammad Al-Saleem | C87: DATA SHARE | D87: people leader | E87: 0 | F87: Finance | G87: CORPCFO190 | H87: 1 | I87: #N/A | J87: #N/A | K87: 44271 | L87: 2755
A88: 97248214 | B88: Mohammad Al-Saleem | C88: DATA SHARE | D88: people leader | E88: 0 | F88: Finance | G88: CORPCFO190 | H88: 1 | I88: #N/A | J88: #N/A | K88: 44271 | L88: 2755
A89: 94164392 | B89: Mohammad Al-Shamary | C89: DATA SHARE | D89: people leader | E89: 0 | F89: E H & S | G89: PLNTO/H130 | H89: 1 | I89: #N/A | J89: #N/A | K89: 44271 | L89: 2705
A90: 97502183 | B90: Mohammad Al-Shamary | C90: DATA SHARE | D90: people leader | E90: 0 | F90: E H & S | G90: PLNTO/H130 | H90: 1 | I90: #N/A | J90: #N/A | K90: 44271 | L90: 2705
A91: 98976284 | B91: Mohammed Al-Bahri | C91: DATA SHARE | D91: people leader | E91: 0 | F91: TS Mgt. | G91: CORPTSM190 | H91: 1 | I91: #N/A | J91: #N/A | K91: 44250 | L91: 2712
A92: 98562534 | B92: Mohammed Al-Bahri | C92: DATA SHARE | D92: people leader | E92: 0 | F92: TS Mgt. | G92: CORPTSM190 | H92: 1 | I92: #N/A | J92: #N/A | K92: 44250 | L92: 2712
A93: 94174629 | B93: Mohammed El-Beshlawy | C93: DATA SHARE | D93: people leader | E93: 0 | F93: Medical | G93: CORPHR_191 | H93: 1 | I93: #N/A | J93: #N/A | K93: 44271 | L93: 3024
A94: 90964136 | B94: Mohammed El-Beshlawy | C94: DATA SHARE | D94: people leader | E94: 0 | F94: Medical | G94: CORPHR_191 | H94: 1 | I94: #N/A | J94: #N/A | K94: 44271 | L94: 3024
A95: 96903170 | B95: Mohammed Sabeq | C95: DATA SHARE | D95: people leader | E95: 0 | F95: RMD MFT-1 | G95: PLNTMNT181 | H95: 1 | I95: #N/A | J95: #N/A | K95: 44271 | L95: 2689
A96: 97873747 | B96: Mohammed Sabeq | C96: DATA SHARE | D96: people leader | E96: 0 | F96: RMD MFT-1 | G96: PLNTMNT181 | H96: 1 | I96: #N/A | J96: #N/A | K96: 44271 | L96: 2689
A97: 99062187 | B97: Mosaed Abdullah Alsarhan | C97: DATA SHARE | D97: people leader | E97: 0 | F97: EBSM | G97: PLNTMFG340 | H97: 1 | I97: #N/A | J97: #N/A | K97: 44356 | L97: 3149
A98: 96729490 | B98: Mosaed Abdullah Alsarhan | C98: DATA SHARE | D98: people leader | E98: 0 | F98: EBSM | G98: PLNTMFG340 | H98: 1 | I98: #N/A | J98: #N/A | K98: 44356 | L98: 3149
... A139: 94937082 | B139: Sudhir Shenoy | C139: DATA SHARE | D139: people leader | E139: 0 | F139: Commercial Mgt. | G139: CORPSLS190 | H139: 1 | I139: #N/A | J139: #N/A | K139: 44445 | L139: 3271
A140: 97241736 | B140: Lulwa Munaifi DATA SHARE | C140: DATA SHARE | D140: people leader | E140: 0 | F140: HR- T&PM | G140: CORPHR_194 | H140: 1 | I140: #N/A | J140: #N/A
A141: 96066109 | B141: Hanouf Y. Al-Fahad | C141: DATA SHARE | D141: people leader | E141: 0 | F141: Finance | G141: CORPCFO190 | H141: 1 | I141: #N/A | J141: #N/A | K141: 44271 | L141: 3021
A142: 97768574 | B142: Hanouf Y. Al-Fahad | C142: DATA SHARE | D142: people leader | E142: 0 | F142: Finance | G142: CORPCFO190 | H142: 1 | I142: #N/A | J142: #N/A | K142: 44271 | L142: 3021
A143: 98043965 | B143: Asrar Mohammad | C143: DATA SHARE | D143: SP.role/G20/Shift Leaders | E143: 0 | F143: CCD | G143: CORPPR_190 | H143: 1 | I143: #N/A | J143: #N/A | K143: 44334 | L143: 3111
A144: 97685312 | B144: Asrar Mohammad | C144: DATA SHARE | D144: SP.role/G20/Shift Leaders | E144: 0 | F144: CCD | G144: CORPPR_190 | H144: 1 | I144: #N/A | J144: #N/A | K144: 44334 | L144: 3111
A145: 96671925 | B145: Trevor Montiero | C145: DATA SHARE | D145: people leader | E145: 0 | F145: Finance | G145: CORPCFO190 | H145: 1 | I145: #N/A | J145: #N/A | K145: 44445 | L145: 3261
A146: 99250164 | B146: Trevor Montiero | C146: DATA SHARE | D146: people leader | E146: 0 | F146: Finance | G146: CORPCFO190 | H146: 1 | I146: #N/A | J146: #N/A | K146: 44445 | L146: 3261
A147: 96952903 | B147: Fawaz Al-Shuwaib | C147: DATA SHARE | E147: 0 | F147: I S C | G147: CORPSC_190 | H147: 1 | I147: #N/A | J147: #N/A | K147: 44271 | L147: 2895
A148: 94706343 | B148: Alexander Mathen | C148: DATA SHARE | E148: 0 | F148: ARO | G148: PLNTMFG360 | H148: 1 | I148: #N/A | J148: #N/A | K148: 44250 | L148: 2768
A149: 99573149 | B149: Ahmad Al-Thuwaini | C149: DATA SHARE | E149: 0 | F149: E G | G149: PLNTMFG120 | H149: 1 | I149: #N/A | J149: #N/A | K149: 44250 | L149: 2907
A150: 94156069 | B150: Mohammed Hamza | C150: DATA SHARE | E150: 0 | F150: EBSM | G150: PLNTMFG340 | H150: 1 | I150: #N/A | J150: #N/A | K150: 44250 | L150: 2731
A151: 94775982 | B151: Mohammad Hassan Al-Ajmi | C151: DATA SHARE | E151: 0 | F151: ISC DO PACKAGING | G151: PLNTMFG132 | H151: 1 | I151: #N/A | J151: #N/A | K151: 44250 | L151: 2950
A152: 97808902 | B152: Seema Fernandes | C152: DATA SHARE | E152: 0 | F152: CEO | G152: CORPCEO190 | H152: 1 | I152: #N/A | J152: #N/A | K152: 44257 | L152: 2721
A153: 94152701 | B153: Mohamed Al-Boloushi | C153: DATA SHARE | E153: 0 | F153: CSG | G153: CORPHR_196 | H153: 1 | I153: #N/A | J153: #N/A
A154: 97564437 | B154: Haidar Qezwaini | C154: DATA SHARE | E154: 0 | F154: EBSM | G154: PLNTMFG340 | H154: 1 | I154: #N/A | J154: #N/A | K154: 44250 | L154: 2985
A155: 96903027 | B155: Saud Al-Enezi | C155: DATA SHARE | E155: 0 | F155: HR- P&S | G155: CORPHR_195 | H155: 1 | I155: #N/A | J155: #N/A | K155: 44381 | L155: 3182
A156: 97180736 | B156: Sarah Asem | C156: DATA SHARE | E156: 0 | F156: Marketing - PE | G156: CORPEMC130 | H156: 1 | I156: #N/A | J156: #N/A | K156: 44250 | L156: 2771
A157: 96758061 | B157: Saud Al-Zamel | C157: DATA SHARE | E157: 0 | F157: Marketing - PE | G157: CORPEMC130 | H157: 1 | I157: #N/A | J157: #N/A | K157: 44250 | L157: 2772
A158: 94492563 | B158: Mohammad Al-Haddad | C158: DATA SHARE | E158: 0 | F158: Procurement | G158: PLNTO/H150 | H158: 1 | I158: #N/A | J158: #N/A | K158: 44250 | L158: 2733
A159: 90976417 | B159: Mahdi Akbar | C159: DATA SHARE | E159: 0 | F159: T I D | G159: CORPENG191 | H159: 1 | I159: #N/A | J159: #N/A | K159: 44250 | L159: 2809
A160: 94764148 | B160: Nair Prakash | C160: DATA SHARE | E160: 0 | F160: E H & S | G160: PLNTO/H130 | H160: 1 | I160: #N/A | J160: #N/A | K160: 44250 | L160: 2790
A161: 95578490 | B161: Vijay Kumar | C161: DATA SHARE | E161: 0 | F161: E H & S | G161: PLNTO/H130 | H161: 1 | I161: #N/A | J161: #N/A | K161: 44250 | L161: 2791
A162: 97407983 | B162: Pagoti M Rao | C162: DATA SHARE | E162: 0 | F162: ARO | G162: PLNTMFG360 | H162: 1 | I162: #N/A | J162: #N/A | K162: 44250 | L162: 2858
A163: 92286739 | B163: Sukumar Pal | C163: DATA SHARE | E163: 0 | F163: E U | G163: PLNTMFG110 | H163: 1 | I163: #N/A | J163: #N/A | K163: 44257 | L163: 2729
A164: 97114850 | B164: Vangala Sarma | C164: DATA SHARE | E164: 0 | F164: T I D | G164: CORPENG191 | H164: 1 | I164: #N/A | J164: #N/A | K164: 44250 | L164: 2811
A165: 95587352 | B165: Amer Al-Sulaiman | C165: DATA SHARE | E165: 0 | F165: EBSM | G165: PLNTMFG340 | H165: 1 | I165: #N/A | J165: #N/A | K165: 44250 | L165: 2748
... A167: 90965017 | B167: Abdulaziz Karimi | C167: DATA SHARE | E167: 0 | F167: CLD | G167: PLNTLAB110 | H167: 1 | I167: #N/A | J167: #N/A | K167: 44250 | L167: 2736
A168: 97435395 | B168: Khaled Al-Qashaan | C168: DATA SHARE | E168: 0 | F168: Procurement | G168: PLNTO/H150 | H168: 1 | I168: #N/A | J168: #N/A
A169: 94101438 | B169: Abdulrahmnan AlKandary | C169: DATA SHARE | E169: 0 | F169: DO MTO | G169: PLNTDST110 | H169: 1 | I169: #N/A | J169: #N/A | K169: 44406 | L169: 3219
A170: 94107313 | B170: Mohammed Al-Shatti | C170: DATA SHARE | E170: 0 | F170: Marketing - PE | G170: CORPEMC130 | H170: 1 | I170: #N/A | J170: #N/A | K170: 44250 | L170: 2773
A171: 99128059 | B171: Lavina Vaz | C171: DATA SHARE | E171: 0 | F171: Marketing - EG | G171: CORPMEG190 | H171: 1 | I171: #N/A | J171: #N/A | K171: 44250 | L171: 2717
A172: 97953505 | B172: Shreekumar Nair | C172: DATA SHARE | E172: 0 | F172: Marketing - EG | G172: CORPMEG206 | H172: 1 | I172: #N/A | J172: #N/A | K172: 44497 | L172: 3343
A173: 97142316 | B173: Abdullah Al-Hazza | C173: DATA SHARE | E173: 0 | F173: E H & S | G173: PLNTO/H130 | H173: 1 | I173: #N/A | J173: #N/A | K173: 44250 | L173: 2792
A174: 97714805 | B174: Saleh Al-Shehab | C174: DATA SHARE | E174: 0 | F174: E H & S | G174: PLNTO/H130 | H174: 1 | I174: #N/A | J174: #N/A | K174: 44250 | L174: 2793
A175: 94707952 | B175: Meshal AL- Harbi | C175: DATA SHARE | E175: 0 | F175: PE | G175: PLNTMFG130 | H175: 1 | I175: #N/A | J175: #N/A | K175: 44381 | L175: 3190
A176: 96716879 | B176: Maha Al-Saeed | C176: DATA SHARE | E176: 0 | F176: T I D | G176: CORPENG191 | H176: 1 | I176: #N/A | J176: #N/A | K176: 44326 | L176: 2812
A177: 94728193 | B177: Musaed Al-Musallam | C177: DATA SHARE | E177: 0 | F177: I S C | G177: CORPSC_190 | H177: 1 | I177: #N/A | J177: #N/A | K177: 44271 | L177: 2898
A178: 97514609 | B178: Nora Al-Raqib | C178: DATA SHARE | E178: 0 | F178: I S C | G178: CORPSC_190 | H178: 1 | I178: #N/A | J178: #N/A | K178: 44486 | L178: 3330
A179: 96618902 | B179: Jassim Al-Mesbah | C179: DATA SHARE | E179: 0 | F179: Styrene Market. | G179: CORPSLS120 | H179: 1 | I179: #N/A | J179: #N/A | K179: 44250 | L179: 2764
A180: 94763306 | B180: Mohammad Baroun | C180: DATA SHARE | D180: SP.role/G20/Shift Leaders | E180: 0 | F180: I S C | G180: CORPSC_190 | H180: 1 | I180: #N/A | J180: #N/A | K180: 44326 | L180: 2896
A181: 97147539 | B181: Abdullah Al-Hajeri | C181: DATA SHARE | E181: 0 | F181: CLD | G181: PLNTLAB110 | H181: 1 | I181: #N/A | J181: #N/A
A182: 96701499 | B182: Ali AlMazidi | C182: DATA SHARE | E182: 0 | F182: E G | G182: PLNTMFG120 | H182: 1 | I182: #N/A | J182: #N/A | K182: 44326 | L182: 2903
A183: 94725914 | B183: Shaikha Al-Raqum | C183: DATA SHARE | E183: 0 | F183: B D | G183: CORPBND191 | H183: 1 | I183: #N/A | J183: #N/A | K183: 44326 | L183: 3075
A184: 97359412 | B184: Vjaya Kumar Murgan | C184: DATA SHARE | E184: 0 | F184: T I D | G184: CORPENG191 | H184: 1 | I184: #N/A | J184: #N/A | K184: 44326 | L184: 3113
A185: 97589457 | B185: Shaikhah Al-Hasawi | C185: DATA SHARE | E185: 0 | F185: UTL | G185: CORPENG191 | H185: 1 | I185: #N/A | J185: #N/A | K185: 44326 | L185: 3116
A186: 98513831 | B186: Bader Abdulwahab Mohammad | C186: DATA SHARE | E186: 0 | F186: DO | G186: PLNTMFG132 | H186: 1 | I186: #N/A | J186: #N/A | K186: 44250 | L186: 2946
A187: 98906596 | B187: Faisal Hamed Al-Mutairi | C187: DATA SHARE | E187: 0 | F187: DO | G187: PLNTMFG132 | H187: 1 | I187: #N/A | J187: #N/A | K187: 44250 | L187: 2947
A188: 94061362 | B188: Ahmed Al-Mutairi | C188: DATA SHARE | E188: 0 | F188: DO | G188: PLNTMFG132 | H188: 1 | I188: #N/A | J188: #N/A | K188: 43586
A189: 94709283 | B189: Mohammed Al-Sharrah | C189: DATA SHARE | E189: 0 | F189: DO | G189: PLNTDST200 | H189: 1 | I189: #N/A | J189: #N/A | K189: 44321 | L189: 2991
A190: 92247538 | B190: Abdulla Al-Sane | C190: DATA SHARE | D190: SP.role/G20/Shift Leaders | E190: 0 | F190: E U | G190: PLNTMFG110 | H190: 1 | I190: #N/A | J190: #N/A | K190: 44445 | L190: 3245
A191: 98084985 | B191: Ahmad Al-Nouri | C191: DATA SHARE | E191: 0 | F191: DO | G191: PLNTMFG132 | H191: 1 | I191: #N/A | J191: #N/A | K191: 43586 | L191: 2309
A192: 99467205 | B192: Mohammed Al-Dehani | C192: DATA SHARE | E192: 0 | F192: PE | G192: PLNTMFG130 | H192: 1 | I192: #N/A | J192: #N/A | K192: 43586 | L192: 2322
A193: 97493515 | B193: Saswat K. Dash | C193: DATA SHARE | E193: 0 | F193: PE | G193: PLNTMFG130 | H193: 1 | I193: #N/A | J193: #N/A | K193: 43586 | L193: 2300
A194: 94715814 | B194: Nader Al-Ajmi | C194: DATA SHARE | D194: SP.role/G20/Shift Leaders | E194: 0 | F194: ISC DO PACKAGING | G194: PLNTMFG132 | H194: 1 | I194: #N/A | J194: #N/A | K194: 44335 | L194: 3039
A195: 98573422 | B195: Mohammed Al-Ghemlas | C195: DATA SHARE | E195: 0 | F195: Dis. Ops. | G195: PLNTDST200 | H195: 1 | I195: #N/A | J195: #N/A | K195: 44335 | L195: 3040
A196: 96925915 | B196: Bader Al-Shammari | C196: DATA SHARE | E196: 0 | F196: DO MTO | G196: PLNTDST110 | H196: 1 | I196: #N/A | J196: #N/A | K196: 44335 | L196: 3003
...

Sheet Summary Sheet
A1: Row Labels | B1: Sum of Amount
A2: 51411110 | B2: 11.7
A3: 55007117 | B3: 4
A4: 55141144 | B4: 22.36
A5: 55499947 | B5: 4
A6: 55806658 | B6: 1.5
A7: 55999000 | B7: 30.2
A8: 60617444 | B8: 4
A9: 60666565 | B9: 27.314
A10: 65658139 | B10: 4
A11: 66025751 | B11: 4
A12: 66326802 | B12: 4
A13: 66441012 | B13: 6.73
... A773: 99998008 | B773: 20
